RAA553V,2026-03-19 14:34:25
RAA553V,2026-03-19 14:34:31
RAA553V,2026-03-19 14:34:42
RAA553V,2026-03-19 14:34:52
RAA553V,2026-03-19 14:34:59
RAA553V,2026-03-19 14:35:05
RAA553V,2026-03-19 14:35:11
RAA553V,2026-03-19 14:38:25
RAB123C,2026-03-19 14:38:31
RAB123C,2026-03-19 14:38:37
RAB123C,2026-03-19 14:38:44
RAB123C,2026-03-19 14:39:01
RAA782E,2026-03-19 14:39:50
RAN782E,2026-03-19 14:40:34
ROF581F,2026-03-19 14:40:42
ROF581F,2026-03-19 14:40:50
ROF581F,2026-03-19 14:41:01
ROF581F,2026-03-19 14:41:09
ROF581F,2026-03-19 14:41:19
ROF881T,2026-03-19 14:41:26
RDF881T,2026-03-19 14:41:32
ROF881T,2026-03-19 14:41:38
ROF881T,2026-03-19 14:41:46
RAB123C,2026-03-19 14:42:08
RAB123C,2026-03-19 14:42:14
RAB123C,2026-03-19 14:42:21
RAB123C,2026-03-19 14:42:26
RAI851N,2026-03-20 10:06:13
